,type_libre,sexe_homme,idf,etranger,une_tete,dec1,dec2,dec3,tau_birth,tau_contract,Td,Ts,Td_clone,Ts_clone,tau_begin,tau_end
0,1,0,0,0,1,0,0,1,-14750,12774,31235,27524,29777,27513,3653,23192
1,0,0,0,1,1,0,0,0,-12643,9645,28235,22288,30652,22278,3653,23192
2,0,1,0,0,1,1,0,0,-20582,12260,34150,32842,33270,32845,3653,23192
3,0,0,0,1,1,0,1,0,-16541,11442,32221,27983,34555,27998,3653,23192
4,0,1,1,0,0,0,1,0,-17541,10777,31075,28318,29516,28332,3653,23192
5,1,0,0,1,0,0,0,0,-13167,10864,35633,24031,34249,24029,3653,23192
6,0,1,0,0,0,0,0,0,-11710,15967,27784,27677,27689,27679,3653,23192
7,1,1,0,0,0,0,0,0,-10949,9243,32078,20192,32284,20200,3653,23192
8,1,0,1,0,1,0,1,0,-16013,8384,33930,24397,32443,24401,3653,23192
9,0,0,0,0,1,1,0,0,-19155,11325,34814,30480,32713,30474,3653,23192
10,0,0,1,0,1,0,0,1,-14960,11136,34572,26096,32381,26093,3653,23192
11,1,0,1,0,0,0,0,0,-12451,10346,34252,22797,26194,22798,3653,23192
12,0,0,0,1,1,0,0,0,-12550,14959,34293,27509,30978,27507,3653,23192
13,1,1,0,0,1,0,0,0,-10113,13688,29075,23801,32295,23807,3653,23192
14,0,1,0,0,1,0,0,1,-14428,16324,31811,30752,31513,30742,3653,23192
15,0,1,0,1,0,1,0,0,-19533,9187,31012,28720,31184,28716,3653,23192
16,0,0,0,0,1,0,1,0,-17110,10079,29711,27189,31506,27180,3653,23192
17,1,0,1,0,1,0,1,0,-17419,8368,32901,25787,32543,25796,3653,23192
18,0,1,0,0,0,1,0,0,-22706,7334,32988,30040,33995,30034,3653,23192
19,0,0,1,0,1,0,1,0,-16679,10301,32607,26980,29909,26986,3653,23192
20,0,1,1,0,0,0,1,0,-17584,11442,30895,29026,34300,29019,3653,23192
21,1,0,1,0,0,0,0,1,-14352,8596,34364,22948,33980,22949,3653,23192
22,1,1,1,0,0,0,0,0,-12106,10958,25917,23064,30788,23050,3653,23192
23,0,0,0,0,1,1,0,0,-18936,8309,31977,27245,27548,27242,3653,23192
24,0,0,0,0,1,0,1,0,-15954,8918,29368,24872,38419,24865,3653,23192
25,0,0,0,0,1,0,0,0,-13183,16027,34402,29210,31150,29206,3653,23192
26,1,0,0,0,0,0,0,1,-15153,8221,28003,23374,35462,23372,3653,23192
27,1,0,0,0,0,0,0,1,-15153,8221,28003,23374,27926,23384,3653,23192
28,0,0,0,0,1,0,0,0,-12041,14661,32886,26702,34204,26690,3653,23192
29,0,0,1,0,0,0,0,0,-9874,15862,30547,25736,31634,25733,3653,23192
30,1,0,1,0,1,1,0,0,-18113,7223,25544,25336,27859,25330,3653,23192
31,0,0,1,0,1,1,0,0,-23772,7486,35288,31258,33269,31268,3653,23192
32,0,0,1,0,1,0,0,0,-11487,15449,32590,26936,30714,26938,3653,23192
33,0,0,1,0,1,0,0,1,-14279,13046,33119,27325,28891,27333,3653,23192
34,0,0,0,1,1,1,0,0,-19873,11238,34711,31111,35197,31105,3653,23192
35,0,0,0,1,1,1,0,0,-19489,7342,33364,26831,30936,26839,3653,23192
36,1,1,0,0,0,0,0,1,-14230,10850,32602,25080,26589,25079,3653,23192
37,0,1,1,0,1,0,1,0,-16372,10729,31779,27101,28577,27095,3653,23192
38,0,0,1,0,1,0,0,1,-15684,11492,35263,27176,27990,27182,3653,23192
39,1,1,1,0,0,0,0,0,-12244,13586,34853,25830,28172,25838,3653,23192
40,0,0,1,0,1,0,0,0,-12711,11077,28140,23788,34149,23800,3653,23192
41,0,0,1,0,0,0,0,1,-14574,15643,35402,30217,31147,30232,3653,23192
42,0,0,0,0,1,0,0,1,-15493,16106,34098,31599,32583,31603,3653,23192
43,0,0,0,0,1,1,0,0,-20815,9623,32926,30438,32255,30451,3653,23192
44,0,0,0,0,0,0,0,0,-11486,15967,28614,27453,34292,27461,3653,23192
45,1,1,0,0,1,0,1,0,-17707,9120,34257,26827,29844,26826,3653,23192
46,0,0,1,0,1,1,0,0,-20166,11128,33274,31294,31668,31299,3653,23192
47,0,0,0,0,1,1,0,0,-21312,9323,32437,30635,37705,30643,3653,23192
48,0,0,0,0,1,1,0,0,-19652,10266,36077,29918,31036,29905,3653,23192
49,1,1,1,0,0,1,0,0,-19094,8883,29184,27977,35281,27984,3653,23192
50,0,1,0,0,1,0,1,0,-17566,10297,32528,27863,31294,27851,3653,23192
51,1,1,0,0,1,0,0,0,-13410,9484,27776,22894,28345,22905,3653,23192
52,0,0,0,0,0,0,1,0,-16508,11578,37957,28086,28171,28073,3653,23192
53,1,1,0,1,1,0,0,1,-15542,12380,28034,27922,31324,27907,3653,23192
54,0,0,0,0,1,0,0,0,-13150,13664,33977,26814,33579,26814,3653,23192
55,0,1,0,1,0,0,1,0,-16900,10850,34169,27750,31417,27761,3653,23192
56,0,0,1,0,1,1,0,0,-18383,8180,31597,26563,35232,26576,3653,23192
57,0,1,0,0,0,0,0,1,-13807,10554,30302,24361,33123,24371,3653,23192
58,1,0,1,0,1,0,0,1,-14166,13143,33043,27309,33954,27306,3653,23192
59,1,1,1,0,1,1,0,0,-23608,10722,36540,34330,34818,34333,3653,23192
60,0,0,1,0,1,0,0,0,-11165,16576,31679,27741,33206,27746,3653,23192
61,0,1,0,1,1,0,1,0,-16136,10316,28962,26452,29144,26439,3653,23192
62,0,1,0,0,0,1,0,0,-18189,10596,30992,28785,35392,28788,3653,23192
63,0,0,0,0,1,0,0,0,-11545,15609,31943,27154,31916,27149,3653,23192
64,0,0,1,0,1,1,0,0,-18889,7425,33397,26314,30249,26303,3653,23192
65,1,0,0,0,0,0,0,0,-11266,13586,31825,24852,28550,24859,3653,23192
66,0,1,0,0,0,1,0,0,-19861,8797,31190,28658,36649,28667,3653,23192
67,0,0,1,0,0,0,1,0,-17624,9950,30253,27574,33894,27563,3653,23192
68,0,0,0,1,1,0,0,1,-14623,12240,28701,26863,27090,26871,3653,23192
69,1,0,0,0,0,1,0,0,-19023,8473,33424,27496,27976,27499,3653,23192
70,0,0,0,0,0,1,0,0,-18130,10148,33891,28278,34506,28276,3653,23192
71,1,1,1,0,1,0,1,0,-16356,9778,28857,26134,27165,26129,3653,23192
72,1,0,0,0,1,0,0,1,-14297,8537,36441,22834,25155,22844,3653,23192
73,0,0,0,0,1,0,1,0,-16287,10684,33370,26971,32972,26960,3653,23192
74,0,1,0,1,0,1,0,0,-20321,7759,32301,28080,34197,28091,3653,23192
75,1,0,0,0,1,0,0,0,-9813,15232,25538,25045,32941,25037,3653,23192
76,0,1,0,0,1,0,1,0,-17673,9533,34520,27206,30454,27194,3653,23192
77,0,1,0,0,1,0,0,1,-13741,13595,27675,27336,28133,27340,3653,23192
78,1,0,0,0,0,0,0,1,-13902,16085,31467,29987,30536,29976,3653,23192
79,1,0,0,0,0,1,0,0,-19330,8369,34307,27699,31045,27700,3653,23192
80,1,1,0,0,0,0,0,1,-13577,8795,30485,22372,30688,22357,3653,23192
81,1,0,0,0,1,1,0,0,-18907,9877,34018,28784,29615,28797,3653,23192
82,0,1,0,0,1,0,0,1,-14010,9925,30027,23935,27896,23940,3653,23192
83,0,0,0,0,1,1,0,0,-18474,14322,33669,32796,33512,32794,3653,23192
84,1,1,1,0,0,1,0,0,-19664,9188,29125,28852,31716,28849,3653,23192
85,0,1,1,0,0,0,0,0,-11757,16243,31590,28000,30912,27996,3653,23192
86,0,1,1,0,1,1,0,0,-21898,10051,34010,31949,33183,31954,3653,23192
87,0,1,0,1,0,0,1,0,-17814,11351,30018,29165,33192,29150,3653,23192
88,0,0,1,0,1,0,0,0,-13154,15967,33266,29121,30322,29115,3653,23192
89,0,0,1,0,1,1,0,0,-17931,12040,36974,29971,32614,29965,3653,23192
90,0,0,0,0,1,0,0,0,-11350,16384,30398,27734,28847,27721,3653,23192
91,0,0,0,0,0,0,0,1,-13832,10650,26777,24482,36453,24481,3653,23192
92,0,0,1,0,1,1,0,0,-18966,11074,34074,30040,34596,30031,3653,23192
93,0,0,1,0,1,1,0,0,-18308,11757,30560,30065,31928,30065,3653,23192
94,1,0,0,0,0,0,0,1,-15224,8476,33182,23700,35919,23693,3653,23192
95,1,1,0,0,1,1,0,0,-18064,8082,30809,26146,31541,26153,3653,23192
96,0,0,1,0,1,0,0,0,-9910,16149,32892,26059,31901,26046,3653,23192
97,0,0,1,0,1,1,0,0,-21955,8048,30805,30003,32782,30003,3653,23192
98,0,1,0,0,0,0,0,0,-11974,15874,33673,27848,35141,27861,3653,23192
99,0,0,1,0,1,1,0,0,-20390,11140,35154,31530,34054,31540,3653,23192
100,1,0,0,0,0,0,0,0,-10907,13793,27905,24700,29876,24691,3653,23192
101,1,1,1,0,0,0,1,0,-16766,9748,27734,26514,29487,26502,3653,23192
102,1,0,0,0,0,0,0,0,-11668,9050,34013,20718,29182,20733,3653,23192
103,0,0,1,0,0,0,0,0,-12234,16247,28755,28481,31820,28494,3653,23192
104,0,1,0,0,1,0,0,1,-13763,15134,31970,28897,33169,28912,3653,23192
105,0,1,0,1,0,0,0,1,-15282,11358,31121,26640,32511,26651,3653,23192
106,0,0,1,0,0,0,1,0,-16807,9187,29451,25994,26202,25983,3653,23192
107,0,0,0,0,1,0,0,0,-11741,10428,29805,22169,29980,22177,3653,23192
108,0,0,0,0,1,0,0,0,-12216,11337,33061,23553,34514,23560,3653,23192
109,1,0,1,0,1,0,0,1,-14227,9639,26923,23866,34062,23852,3653,23192
110,0,0,1,0,1,1,0,0,-20444,11515,37554,31959,32913,31960,3653,23192
111,0,0,0,0,1,1,0,0,-18093,9250,34870,27343,34005,27333,3653,23192
112,1,0,0,0,0,0,0,1,-14208,11952,36098,26160,32860,26146,3653,23192
113,0,0,0,0,1,0,1,0,-16535,14234,32996,30769,33842,30763,3653,23192
114,1,0,1,0,1,0,0,1,-14777,11849,36157,26626,35507,26619,3653,23192
115,1,1,1,0,0,1,0,0,-18119,7031,29309,25150,29895,25161,3653,23192
116,0,1,1,0,1,0,1,0,-16636,9699,30193,26335,32720,26337,3653,23192
117,0,0,1,0,0,0,0,0,-12847,15351,32910,28198,32324,28211,3653,23192
118,1,1,0,0,1,1,0,0,-20109,7063,32957,27172,27279,27166,3653,23192
119,0,0,1,0,1,0,0,0,-12592,11339,24267,23931,33145,23929,3653,23192
120,0,0,0,0,1,1,0,0,-19052,9769,35489,28821,29956,28832,3653,23192
121,1,0,0,0,0,1,0,0,-20225,8484,28918,28709,32658,28717,3653,23192
122,1,0,0,0,0,0,0,1,-13908,12624,36157,26532,32293,26542,3653,23192
123,0,0,0,0,1,0,0,0,-12160,13515,34304,25675,28935,25664,3653,23192
124,1,0,0,0,0,0,1,0,-17842,9287,33986,27129,28606,27143,3653,23192
125,0,0,1,0,1,0,1,0,-16697,11050,33578,27747,35214,27757,3653,23192
126,0,0,1,0,0,0,0,1,-14009,11729,30770,25738,31508,25726,3653,23192
127,0,0,1,0,1,0,1,0,-16274,13405,32701,29679,33415,29666,3653,23192
128,0,1,0,1,1,0,0,0,-12533,15316,30646,27849,32427,27859,3653,23192
129,0,0,1,0,1,0,0,1,-15291,15377,32888,30668,37104,30662,3653,23192
130,0,0,0,0,1,0,1,0,-16322,13616,30450,29938,37245,29936,3653,23192
131,1,0,0,1,0,0,1,0,-17362,13138,34149,30500,30998,30504,3653,23192
132,0,0,1,0,1,0,0,0,-10692,15043,32333,25735,26109,25729,3653,23192
133,0,0,0,0,1,0,1,0,-16575,13310,30502,29885,33297,29900,3653,23192
134,0,0,1,0,1,1,0,0,-21144,9183,34910,30327,35610,30317,3653,23192
135,0,0,1,0,1,0,1,0,-17224,10178,33641,27402,29964,27390,3653,23192
136,0,0,0,0,0,0,0,1,-13683,11437,29364,25120,29680,25107,3653,23192
137,1,0,0,0,1,0,0,0,-12072,13660,32624,25732,28688,25743,3653,23192
138,0,1,1,0,0,0,0,1,-15622,14713,30631,30335,32954,30328,3653,23192
139,1,1,0,0,0,1,0,0,-19062,7140,27122,26202,29379,26190,3653,23192
140,0,0,0,0,1,1,0,0,-23800,7413,33141,31213,31993,31199,3653,23192
141,0,0,1,0,1,1,0,0,-20187,12473,35072,32660,34618,32664,3653,23192
142,0,0,0,1,0,0,0,1,-14517,11241,31711,25758,36298,25769,3653,23192
143,0,1,1,0,1,0,0,0,-13176,15502,34484,28678,36096,28684,3653,23192
144,0,1,0,0,0,0,1,0,-16755,10449,32647,27204,29932,27189,3653,23192
145,1,1,1,0,0,1,0,0,-18304,8484,28858,26788,32289,26796,3653,23192
146,1,1,0,0,0,1,0,0,-18981,13515,37646,32496,34305,32503,3653,23192
147,0,0,1,0,0,0,1,0,-15962,10272,35846,26234,36098,26244,3653,23192
148,0,0,0,0,0,1,0,0,-19493,10272,35361,29765,29860,29752,3653,23192
149,0,0,1,0,1,0,0,1,-13935,12971,34422,26906,32381,26897,3653,23192
150,1,0,0,0,1,0,0,1,-14787,13255,35140,28042,35089,28053,3653,23192
151,1,0,1,0,0,0,0,0,-11172,12676,32467,23848,33774,23858,3653,23192
152,0,1,1,0,1,0,0,0,-10852,15053,29301,25905,31377,25899,3653,23192
153,0,0,0,0,0,1,0,0,-20343,11673,33553,32016,34233,32006,3653,23192
154,0,1,0,0,1,0,0,1,-14699,9170,32222,23869,31910,23868,3653,23192
155,1,0,1,0,0,0,0,0,-10337,12386,32493,22723,30902,22716,3653,23192
156,0,0,0,0,1,0,1,0,-17400,11255,33224,28655,30442,28660,3653,23192
157,1,0,1,0,1,1,0,0,-19596,8589,31024,28185,31514,28196,3653,23192
158,0,0,0,1,1,0,1,0,-15821,12201,33593,28022,35175,28029,3653,23192
159,1,1,1,0,0,0,0,0,-11823,12386,33170,24209,28088,24222,3653,23192
160,1,1,0,1,0,0,0,1,-13810,10591,29791,24401,36475,24389,3653,23192
161,0,0,0,0,0,1,0,0,-19697,9257,31679,28954,31613,28964,3653,23192
162,0,1,1,0,1,0,0,1,-13615,15460,33541,29075,33760,29086,3653,23192
163,1,0,1,0,0,1,0,0,-18164,7000,34181,25164,29207,25166,3653,23192
164,1,1,0,0,0,0,0,1,-15273,11690,32651,26963,36629,26956,3653,23192
165,0,1,0,0,0,1,0,0,-20715,8855,32982,29570,31053,29583,3653,23192
166,0,1,1,0,0,0,0,0,-13167,15389,33265,28556,32474,28558,3653,23192
167,1,0,1,0,0,0,0,1,-14297,9711,36105,24008,32397,24018,3653,23192
168,0,0,0,0,1,0,0,0,-10850,15867,26815,26717,32610,26716,3653,23192
169,0,0,1,0,1,0,0,0,-9492,15832,25393,25324,31075,25336,3653,23192
170,0,0,1,0,1,0,0,0,-12009,10608,34055,22617,32619,22614,3653,23192
171,0,1,1,0,1,0,0,1,-14188,12131,26395,26319,30243,26307,3653,23192
172,0,0,0,0,0,0,0,1,-14688,14370,32254,29058,31373,29053,3653,23192
173,0,0,0,0,1,1,0,0,-20031,9897,36155,29928,35445,29924,3653,23192
174,0,0,1,0,1,0,0,1,-14007,13418,35086,27425,30829,27439,3653,23192
175,0,0,0,1,1,0,1,0,-17318,10499,34843,27817,30550,27817,3653,23192
176,0,0,1,0,1,1,0,0,-20150,10017,34071,30167,30996,30162,3653,23192
177,1,1,0,0,0,0,1,0,-17470,7000,33204,24470,32168,24457,3653,23192
178,0,1,0,1,0,0,1,0,-15885,10268,28902,26153,28067,26139,3653,23192
179,1,1,0,0,0,1,0,0,-21013,10048,32921,31061,31400,31051,3653,23192
180,0,1,1,0,1,0,0,1,-15666,14437,33456,30103,31727,30092,3653,23192
181,0,0,0,0,1,0,0,0,-9088,16638,29538,25726,30748,25729,3653,23192
182,0,0,0,0,1,0,1,0,-16520,14808,37538,31328,32195,31319,3653,23192
183,0,1,0,1,0,0,1,0,-15840,14986,33670,30826,32594,30838,3653,23192
184,1,1,0,0,0,0,0,1,-15687,16085,32097,31772,33717,31777,3653,23192
185,0,0,0,0,1,0,0,1,-14332,11437,29887,25769,32777,25763,3653,23192
186,0,0,1,0,1,0,1,0,-17348,10447,30902,27795,34301,27796,3653,23192
187,0,0,1,0,1,0,1,0,-16287,9700,28845,25987,31833,25983,3653,23192
188,0,0,0,0,1,0,0,0,-12505,14504,31209,27009,28215,26998,3653,23192
189,0,0,0,0,1,0,0,1,-14120,10849,33098,24969,33661,24982,3653,23192
190,1,1,0,0,0,0,0,0,-11329,16800,31850,28129,32296,28123,3653,23192
191,0,0,1,0,1,0,1,0,-16478,10435,27402,26913,31907,26904,3653,23192
192,0,0,0,1,1,0,1,0,-16680,7679,36235,24359,32549,24348,3653,23192
193,0,0,0,0,0,1,0,0,-19574,9393,33746,28967,32500,28956,3653,23192
194,1,0,0,0,0,0,0,0,-12785,11049,34402,23834,30028,23845,3653,23192
195,0,0,0,0,1,0,0,1,-14499,15869,35378,30368,30444,30362,3653,23192
196,1,0,0,0,1,1,0,0,-19394,11427,35637,30821,37015,30826,3653,23192
197,0,1,1,0,0,0,1,0,-17335,11673,37457,29008,32824,28994,3653,23192
198,0,1,1,0,1,1,0,0,-18205,10772,34772,28977,33623,28968,3653,23192
199,0,0,1,0,1,0,1,0,-17290,11865,36851,29155,37618,29157,3653,23192
200,0,1,0,1,1,0,0,0,-12927,11147,28127,24074,31213,24065,3653,23192
201,0,1,1,0,0,1,0,0,-21057,7432,30235,28489,28956,28474,3653,23192
202,1,0,1,0,0,0,0,1,-14929,8938,36300,23867,31097,23879,3653,23192
203,1,1,1,0,0,0,0,0,-13265,10227,24382,23492,31300,23483,3653,23192
204,1,1,0,0,0,0,1,0,-17214,11685,32622,28899,31371,28903,3653,23192
205,0,0,1,0,1,1,0,0,-18684,11577,34295,30261,33752,30246,3653,23192
206,1,0,0,0,1,0,0,1,-13663,7640,33074,21303,26548,21293,3653,23192
207,0,1,1,0,0,0,0,0,-11928,15351,31508,27279,28520,27287,3653,23192
208,0,0,1,0,1,0,1,0,-16487,8223,27437,24710,32823,24724,3653,23192
209,0,0,1,0,0,0,0,0,-12959,14986,35709,27945,32301,27944,3653,23192
210,0,0,0,0,1,0,0,1,-14691,10218,29602,24909,28986,24898,3653,23192
211,0,0,0,1,1,0,0,0,-9838,16573,32802,26411,30718,26417,3653,23192
212,1,1,0,0,0,0,1,0,-17020,7644,33016,24664,26589,24672,3653,23192
213,0,1,1,0,1,0,0,0,-13124,15160,30945,28284,33844,28271,3653,23192
214,0,0,0,0,1,1,0,0,-22215,10357,33373,32572,32679,32570,3653,23192
215,0,0,0,0,0,0,0,1,-13522,10945,28075,24467,30423,24478,3653,23192
216,1,0,0,0,1,0,0,0,-12894,13502,35027,26396,31709,26403,3653,23192
217,0,1,0,0,1,1,0,0,-23773,7503,32203,31276,32698,31291,3653,23192
218,1,1,1,0,1,0,0,1,-13855,13503,33108,27358,32578,27373,3653,23192
219,1,0,0,0,0,1,0,0,-19551,10048,35935,29599,32497,29603,3653,23192
220,0,0,0,0,1,0,0,1,-13593,10748,29970,24341,31864,24355,3653,23192
221,0,0,1,0,1,0,0,1,-15479,10751,32038,26230,31618,26239,3653,23192
222,0,0,0,0,1,0,0,1,-14186,12522,34945,26708,28796,26710,3653,23192
223,0,0,1,0,1,0,1,0,-17889,9469,33231,27358,30352,27358,3653,23192
224,1,0,0,0,1,0,0,0,-11966,10958,30648,22924,33069,22933,3653,23192
225,0,0,1,0,1,1,0,0,-21004,7567,33429,28571,30903,28567,3653,23192
226,0,0,0,0,0,0,1,0,-17145,9603,31807,26748,33616,26760,3653,23192
227,1,0,1,0,1,0,0,0,-12506,13769,27899,26275,31462,26282,3653,23192
228,1,0,1,0,0,0,0,1,-15428,12256,30153,27684,29615,27671,3653,23192
229,0,0,0,0,1,0,1,0,-17115,10436,33049,27551,28439,27547,3653,23192
230,0,1,0,0,1,0,0,0,-11010,14790,30525,25800,34198,25808,3653,23192
231,0,0,1,0,1,1,0,0,-18774,7907,34218,26681,37728,26686,3653,23192
232,0,0,0,0,1,0,0,0,-12851,15494,31138,28345,29571,28344,3653,23192
233,0,0,1,0,1,0,0,0,-12853,15062,33578,27915,32664,27907,3653,23192
234,0,0,0,1,1,0,0,1,-14472,15519,31417,29991,32632,30001,3653,23192
235,0,0,0,1,1,0,1,0,-16880,10863,30080,27743,31489,27742,3653,23192
236,1,1,0,1,0,0,1,0,-17719,11770,30291,29489,35103,29491,3653,23192
237,0,0,1,0,1,0,0,0,-11390,15435,32467,26825,34536,26817,3653,23192
238,1,1,1,0,0,1,0,0,-20865,7195,31991,28060,29406,28047,3653,23192
239,0,0,0,0,1,0,1,0,-16280,15525,35168,31805,32730,31807,3653,23192
240,1,1,0,0,0,0,0,1,-14529,11049,26920,25578,33492,25566,3653,23192
241,0,1,0,1,1,0,0,0,-11035,18218,32461,29253,32267,29266,3653,23192
242,0,1,0,1,1,0,0,0,-13238,15387,32119,28625,32719,28628,3653,23192
243,0,0,0,1,0,1,0,0,-19868,11674,31686,31542,32929,31536,3653,23192
244,0,0,0,1,1,0,1,0,-17255,10315,31533,27570,29169,27560,3653,23192
245,1,0,1,0,1,0,0,1,-13883,15474,29965,29357,33746,29354,3653,23192
246,0,0,0,0,0,1,0,0,-24887,9387,35338,34274,35439,34289,3653,23192
247,0,0,0,0,0,1,0,0,-20877,9387,30395,30264,32494,30256,3653,23192
248,1,0,1,0,1,0,0,1,-14105,14375,35282,28480,36136,28495,3653,23192
249,1,1,1,0,0,0,1,0,-17397,10346,28774,27743,29848,27738,3653,23192
250,0,1,0,0,1,0,0,1,-13867,10357,24557,24224,31779,24213,3653,23192
251,0,0,0,0,0,1,0,0,-19467,7991,29177,27458,31136,27445,3653,23192
252,0,0,1,0,1,0,0,1,-15542,15778,34263,31320,34544,31321,3653,23192
253,0,1,1,0,0,1,0,0,-19508,9953,32847,29461,31443,29447,3653,23192
254,0,0,0,0,1,0,1,0,-16550,9910,29646,26460,28754,26471,3653,23192
255,0,1,0,0,1,0,1,0,-17322,14203,33393,31525,32729,31538,3653,23192
256,1,1,0,0,1,0,0,0,-11558,11416,31622,22974,28152,22981,3653,23192
257,1,0,0,0,1,0,1,0,-15913,8736,36203,24649,35602,24635,3653,23192
258,0,0,0,1,1,0,1,0,-15816,12624,34352,28440,31266,28433,3653,23192
259,1,1,0,0,1,0,1,0,-16566,7129,30331,23695,25400,23687,3653,23192
260,1,0,0,1,0,0,0,0,-12037,12611,32762,24648,26834,24642,3653,23192
261,1,0,0,0,1,0,0,0,-11646,10793,33646,22439,25029,22442,3653,23192
262,1,0,0,1,1,0,0,1,-14167,16770,34414,30937,35757,30926,3653,23192
263,1,1,0,0,0,0,1,0,-17360,9711,29549,27071,27236,27071,3653,23192
264,0,1,1,0,1,0,0,1,-15228,13194,34022,28422,31687,28412,3653,23192
265,1,0,1,0,0,1,0,0,-18861,13177,35933,32038,35107,32050,3653,23192
266,0,0,0,0,1,0,0,1,-15125,10800,34550,25925,29530,25919,3653,23192
267,0,0,1,0,1,0,0,1,-14119,11658,35274,25777,31218,25772,3653,23192
268,0,0,1,0,0,0,1,0,-17489,10668,32063,28157,32682,28172,3653,23192
269,0,0,1,0,1,0,0,0,-12485,15418,31182,27903,33747,27909,3653,23192
270,1,1,0,0,0,0,0,1,-14023,10864,33679,24887,30317,24875,3653,23192
271,0,1,0,0,1,0,0,0,-13293,15153,29738,28446,30504,28435,3653,23192
272,0,0,1,0,0,1,0,0,-19074,9768,33861,28842,31870,28841,3653,23192
273,0,0,0,0,0,0,0,0,-12800,11854,31750,24654,28772,24666,3653,23192
274,0,1,0,0,1,1,0,0,-18457,10497,33639,28954,31299,28944,3653,23192
275,0,0,1,0,0,1,0,0,-21911,8687,33126,30598,35086,30613,3653,23192
276,0,1,0,1,1,0,0,1,-15299,11602,33298,26901,28584,26903,3653,23192
277,1,0,0,0,1,0,1,0,-16878,7866,30553,24744,27981,24734,3653,23192
278,1,0,1,0,1,0,0,0,-12125,10464,25766,22589,27803,22586,3653,23192
279,1,0,0,0,0,1,0,0,-18268,9763,33651,28031,29973,28038,3653,23192
280,0,1,0,1,1,0,0,0,-9986,16644,27659,26630,31532,26616,3653,23192
281,0,1,0,1,1,0,0,0,-8998,16533,26094,25531,30418,25532,3653,23192
282,0,1,0,1,1,1,0,0,-20810,10940,32791,31750,33758,31745,3653,23192
283,0,0,1,0,1,1,0,0,-18154,11422,30825,29576,34641,29576,3653,23192
284,1,0,0,0,1,1,0,0,-19002,12859,35332,31861,35466,31852,3653,23192
285,1,0,1,0,0,0,1,0,-16597,8081,33170,24678,28674,24683,3653,23192
286,1,0,1,0,1,0,0,1,-14424,9245,35215,23669,32683,23677,3653,23192
287,0,0,1,0,1,0,1,0,-17000,14554,35460,31554,35481,31541,3653,23192
288,0,1,0,0,0,0,0,1,-14555,11595,30984,26150,31778,26156,3653,23192
289,1,1,1,0,1,0,0,1,-14178,10135,33285,24313,26304,24300,3653,23192
290,1,1,1,0,0,1,0,0,-21001,10003,35068,31004,31929,30991,3653,23192
291,0,0,1,0,1,0,1,0,-16703,11234,28853,27937,33561,27941,3653,23192
292,1,1,0,0,0,0,0,0,-11941,10044,28281,21985,29467,21987,3653,23192
293,1,0,1,0,0,0,1,0,-16602,7031,35398,23633,31937,23621,3653,23192
294,0,0,0,0,1,1,0,0,-19403,9582,31278,28985,32807,28994,3653,23192
295,0,1,1,0,0,1,0,0,-19398,7991,31695,27389,33569,27382,3653,23192
296,0,1,1,0,0,1,0,0,-19417,11119,32071,30536,31348,30533,3653,23192
297,1,0,1,0,1,0,1,0,-17189,10701,35851,27890,33113,27888,3653,23192
298,1,0,0,0,0,0,1,0,-17612,7644,31612,25256,33156,25264,3653,23192
299,1,0,1,0,0,0,0,0,-11725,10534,34827,22259,28318,22269,3653,23192
300,0,1,1,0,0,1,0,0,-18161,10148,33946,28309,28421,28322,3653,23192
301,0,0,1,0,1,1,0,0,-18403,8001,26577,26404,28569,26411,3653,23192
302,1,1,0,0,0,1,0,0,-18181,7698,28262,25879,34098,25891,3653,23192
303,1,0,0,0,0,0,0,0,-13022,11515,33036,24537,34934,24552,3653,23192
304,1,1,1,0,0,1,0,0,-19430,6948,30750,26378,27239,26379,3653,23192
305,1,1,0,0,0,0,1,0,-15994,9183,33446,25177,29560,25173,3653,23192
306,0,0,0,0,1,0,0,0,-12904,12752,34715,25656,29804,25671,3653,23192
307,1,1,1,0,0,0,0,0,-12413,12934,28756,25347,32498,25338,3653,23192
308,0,0,0,0,1,0,0,1,-13663,16348,35102,30011,33831,30021,3653,23192
309,1,1,0,1,0,0,1,0,-16767,7140,32198,23907,31875,23909,3653,23192
310,1,1,0,0,0,0,1,0,-17196,8026,29369,25222,31487,25213,3653,23192
311,1,1,0,0,0,0,0,0,-12628,9421,29423,22049,32498,22053,3653,23192
312,0,0,0,0,1,0,1,0,-16125,7816,30060,23941,31062,23926,3653,23192
313,0,0,0,0,1,0,1,0,-16445,12976,34135,29421,30328,29414,3653,23192
314,0,1,1,0,1,0,0,0,-11297,16128,30096,27425,30499,27414,3653,23192
315,1,0,1,0,1,0,0,1,-13847,15371,30675,29218,35624,29212,3653,23192
316,0,0,0,0,0,0,0,1,-14250,11442,31920,25692,26271,25689,3653,23192
317,0,0,0,0,1,0,0,0,-13484,15692,29998,29176,34880,29184,3653,23192
318,1,0,1,0,0,0,1,0,-16476,8967,28996,25443,34608,25458,3653,23192
319,0,1,0,1,0,0,0,1,-14724,11448,28295,26172,36177,26157,3653,23192
320,0,0,1,0,1,1,0,0,-19380,7717,29019,27097,34492,27103,3653,23192
321,1,0,0,0,1,0,0,1,-15477,10958,30085,26435,30076,26432,3653,23192
322,0,0,0,0,1,0,1,0,-16357,12765,33418,29122,34705,29118,3653,23192
323,1,0,0,0,1,1,0,0,-18524,7861,33965,26385,31982,26384,3653,23192
324,1,1,1,0,0,0,1,0,-17637,11952,34429,29589,30547,29600,3653,23192
325,1,1,0,1,0,0,0,1,-14180,15477,30127,29657,30117,29643,3653,23192
326,1,1,0,0,0,0,0,0,-11340,16811,31003,28151,30676,28154,3653,23192
327,1,1,0,1,0,0,0,1,-14924,10394,29436,25318,32704,25321,3653,23192
328,0,0,0,0,0,1,0,0,-22762,10511,36523,33273,35166,33265,3653,23192
329,1,0,0,0,1,1,0,0,-18271,8581,35481,26852,39020,26866,3653,23192
330,1,0,0,0,1,0,1,0,-16690,9462,36982,26152,34259,26149,3653,23192
331,0,0,0,0,1,0,0,1,-14248,11015,32645,25263,33401,25273,3653,23192
332,0,0,1,0,0,1,0,0,-18560,10777,31402,29337,33025,29338,3653,23192
333,0,0,1,0,1,0,0,1,-15467,15778,31820,31245,34844,31239,3653,23192
334,0,1,1,0,1,0,1,0,-15882,11217,27728,27099,33021,27111,3653,23192
335,0,0,0,1,1,0,0,1,-14036,11081,29279,25117,35549,25120,3653,23192
336,0,1,1,0,0,0,0,1,-14134,16502,33101,30636,32610,30634,3653,23192
337,0,0,0,0,0,0,0,1,-13760,15349,34577,29109,30523,29101,3653,23192
338,0,0,1,0,0,0,0,0,-13196,15349,31550,28545,33759,28555,3653,23192
339,0,0,1,0,0,1,0,0,-18270,10771,32803,29041,35581,29043,3653,23192
340,1,0,1,0,1,0,1,0,-16696,8510,33001,25206,28467,25192,3653,23192
341,0,1,1,0,0,1,0,0,-20153,11673,38245,31826,34487,31824,3653,23192
342,0,0,1,0,1,0,0,1,-14737,12059,34274,26796,26896,26811,3653,23192
343,0,0,1,0,1,0,0,0,-11413,16446,33067,27859,31539,27847,3653,23192
344,1,0,0,0,0,0,0,1,-13865,8527,32807,22392,30438,22386,3653,23192
345,1,0,0,0,0,0,1,0,-17471,8527,35410,25998,33280,25991,3653,23192
346,1,0,0,0,1,0,0,0,-10960,12584,31274,23544,25012,23537,3653,23192
347,0,0,0,0,1,1,0,0,-18721,9909,35848,28630,33723,28625,3653,23192
348,0,0,1,0,1,0,0,0,-13294,12780,31602,26074,30601,26074,3653,23192
349,0,0,1,0,0,0,0,1,-13556,12674,34899,26230,26681,26237,3653,23192
350,0,1,1,0,1,0,0,1,-14902,10304,27419,25206,25843,25198,3653,23192
351,0,1,0,1,1,0,0,0,-10838,17181,31502,28019,30161,28023,3653,23192
352,0,0,0,1,1,1,0,0,-19838,10486,33896,30324,32437,30326,3653,23192
353,0,0,0,0,1,0,0,1,-14195,11396,28022,25591,29263,25584,3653,23192
354,0,1,0,1,1,1,0,0,-19990,12874,32995,32864,34534,32860,3653,23192
355,0,0,1,0,1,1,0,0,-19937,7221,32845,27158,32898,27166,3653,23192
356,1,1,0,0,1,0,1,0,-17017,9670,27561,26687,30574,26673,3653,23192
357,0,1,0,1,0,0,0,1,-14619,11946,27877,26565,31516,26567,3653,23192
358,1,1,1,0,0,0,1,0,-16739,8081,29408,24820,30395,24827,3653,23192
359,0,0,0,0,1,0,1,0,-15874,9702,33788,25576,30907,25570,3653,23192
360,0,1,0,1,0,1,0,0,-19494,10527,32995,30021,33694,30016,3653,23192
361,0,0,1,0,1,1,0,0,-19321,10066,34425,29387,31032,29381,3653,23192
362,0,1,1,0,0,0,0,1,-13966,16247,32116,30213,32011,30205,3653,23192
363,1,1,1,0,0,0,0,1,-14433,11868,29242,26301,32974,26309,3653,23192
364,0,0,1,0,0,1,0,0,-18135,15257,36351,33392,34641,33392,3653,23192
365,0,0,1,0,0,0,1,0,-17837,7432,30228,25269,30998,25278,3653,23192
366,0,0,0,0,1,1,0,0,-17992,12677,35174,30669,34820,30673,3653,23192
367,0,0,0,1,1,1,0,0,-21545,10255,33633,31800,33212,31809,3653,23192
368,0,1,1,0,0,0,0,1,-13701,15685,34782,29386,33606,29391,3653,23192
369,0,1,0,0,1,1,0,0,-22826,7391,34744,30217,32854,30222,3653,23192
370,0,1,0,1,0,0,1,0,-15868,12691,28780,28559,33652,28560,3653,23192
371,1,0,1,0,0,1,0,0,-18129,9233,33987,27362,32236,27352,3653,23192
372,0,1,1,0,0,0,1,0,-16376,11423,32968,27799,33892,27790,3653,23192
373,0,1,1,0,0,0,1,0,-17153,15510,37669,32663,33970,32652,3653,23192
374,0,0,1,0,0,0,0,0,-11405,10511,29464,21916,32370,21917,3653,23192
375,0,0,0,1,0,0,1,0,-16605,10563,35733,27168,34904,27167,3653,23192
376,1,0,0,0,1,0,0,0,-13324,9868,24998,23192,34852,23202,3653,23192
377,0,1,1,0,1,1,0,0,-18106,7784,30301,25890,29470,25877,3653,23192
378,1,1,0,0,0,0,0,1,-15547,8698,27034,24245,32683,24255,3653,23192
379,1,0,1,0,1,0,1,0,-17508,8008,35652,25516,32848,25520,3653,23192
380,1,1,0,0,0,1,0,0,-18058,6412,31141,24470,30820,24475,3653,23192
381,0,0,0,1,1,0,0,0,-10433,16464,32914,26897,27707,26901,3653,23192
382,1,1,1,0,0,0,0,1,-14729,10954,29111,25683,28119,25682,3653,23192
383,1,1,1,0,1,0,1,0,-16745,7130,31832,23875,30620,23874,3653,23192
384,1,1,0,0,0,1,0,0,-19139,8476,32624,27615,34701,27620,3653,23192
385,1,1,1,0,0,1,0,0,-18911,7073,30010,25984,28331,25990,3653,23192
386,0,1,0,0,1,0,1,0,-15970,10420,30996,26390,30218,26377,3653,23192
387,1,0,0,1,0,0,0,0,-12502,15148,32580,27650,31687,27643,3653,23192
388,0,0,0,0,1,0,0,1,-15284,11094,30387,26378,32894,26375,3653,23192
389,0,1,0,0,1,1,0,0,-22296,9827,33216,32123,33034,32135,3653,23192
390,1,0,1,0,0,1,0,0,-18012,7195,35226,25207,33015,25195,3653,23192
391,0,1,1,0,1,0,0,0,-12461,11122,25050,23583,31524,23571,3653,23192
392,1,1,1,0,0,0,1,0,-17885,8788,31722,26673,33621,26658,3653,23192
393,1,0,0,1,1,0,0,0,-12725,13566,33769,26291,33081,26290,3653,23192
394,1,0,0,0,1,0,1,0,-16974,10174,32971,27148,27894,27147,3653,23192
395,0,0,1,0,0,1,0,0,-18807,11673,35112,30480,33421,30492,3653,23192
396,0,1,1,0,0,0,0,1,-14722,10650,32234,25372,28081,25359,3653,23192
397,0,0,0,1,1,0,1,0,-17639,9814,34115,27453,29612,27438,3653,23192
398,0,0,0,1,1,0,0,1,-13547,15137,31759,28684,29827,28683,3653,23192
399,0,0,1,0,1,0,0,0,-12692,16783,31406,29475,35432,29464,3653,23192
400,0,0,1,0,1,1,0,0,-21239,9217,34833,30456,30598,30468,3653,23192
401,0,0,1,0,1,1,0,0,-22056,9531,36986,31587,32642,31576,3653,23192
402,1,0,1,0,0,1,0,0,-20895,6412,29486,27307,33328,27322,3653,23192
403,0,0,0,0,1,0,0,1,-14746,11871,36047,26617,31400,26609,3653,23192
404,1,1,0,0,1,0,0,0,-12580,8167,34339,20747,29171,20743,3653,23192
405,0,0,0,0,1,0,0,0,-11452,14035,27531,25487,34137,25486,3653,23192
406,0,0,0,0,1,0,1,0,-17472,11527,36502,28999,34242,28987,3653,23192
407,0,0,1,0,1,1,0,0,-19665,7798,29547,27463,33443,27463,3653,23192
408,0,0,0,0,1,0,1,0,-15733,12085,31656,27818,32570,27805,3653,23192
409,0,0,1,0,1,0,0,1,-15469,10434,37003,25903,28564,25916,3653,23192
410,1,1,0,0,0,0,0,1,-14689,9050,29642,23739,34167,23729,3653,23192
411,1,0,1,0,0,0,0,0,-11911,12670,33352,24581,32737,24569,3653,23192
412,0,1,1,0,0,0,1,0,-16537,9257,30289,25794,31456,25779,3653,23192
413,0,0,0,0,1,0,0,1,-14324,15691,32889,30015,32935,30013,3653,23192
414,1,1,0,0,0,0,0,0,-13126,9293,34067,22419,33134,22420,3653,23192
415,0,0,0,1,1,1,0,0,-18953,11737,37586,30690,35726,30686,3653,23192
416,0,1,1,0,0,0,1,0,-17456,9950,30691,27406,28600,27419,3653,23192
417,0,0,0,0,1,1,0,0,-20025,10492,32497,30517,33556,30523,3653,23192
418,0,1,1,0,0,0,0,0,-12209,15862,32376,28071,34372,28059,3653,23192
419,1,0,0,0,1,0,1,0,-16386,8050,34997,24436,36931,24422,3653,23192
420,1,0,0,1,1,0,0,1,-15231,9170,32720,24401,29933,24388,3653,23192
421,1,0,1,0,0,1,0,0,-19058,6948,35714,26006,27643,25999,3653,23192
422,1,0,1,0,1,0,0,1,-14438,12628,36437,27066,27819,27063,3653,23192
423,0,0,0,0,1,0,1,0,-17254,9862,32473,27116,32828,27105,3653,23192
424,0,0,0,1,1,0,1,0,-16097,10072,36435,26169,29168,26180,3653,23192
425,1,0,0,0,1,0,1,0,-15731,10710,30943,26441,31833,26453,3653,23192
426,0,0,0,0,1,0,1,0,-16652,11259,34726,27911,30758,27922,3653,23192
427,0,0,1,0,1,1,0,0,-19537,10028,34752,29565,32865,29557,3653,23192
428,1,1,1,0,0,1,0,0,-22240,9573,32752,31813,33817,31821,3653,23192
429,1,0,0,0,0,0,0,0,-13219,15477,31657,28696,30659,28696,3653,23192
430,0,1,0,1,1,0,0,0,-12194,14809,29517,27003,32680,27015,3653,23192
431,0,0,0,0,1,1,0,0,-19910,9960,38289,29870,31842,29868,3653,23192
432,0,0,1,0,1,1,0,0,-19161,11885,32784,31046,31222,31045,3653,23192
433,0,1,1,0,1,0,0,1,-14792,15890,32339,30682,32595,30672,3653,23192
434,0,0,0,0,1,1,0,0,-20213,9610,30046,29823,34855,29832,3653,23192
435,0,1,0,0,0,0,0,1,-15438,16338,32673,31776,34973,31782,3653,23192
436,0,0,1,0,1,1,0,0,-17954,12810,32864,30764,37438,30762,3653,23192
437,1,0,0,0,0,0,1,0,-17248,11770,35141,29018,33015,29018,3653,23192
438,0,0,0,1,1,0,1,0,-17322,9266,35094,26588,28983,26581,3653,23192
439,1,0,1,0,0,0,0,0,-11320,12740,26580,24060,28678,24061,3653,23192
440,0,0,0,0,0,0,1,0,-17844,11119,30992,28963,29557,28949,3653,23192
441,0,1,0,0,0,1,0,0,-18909,8854,29166,27763,33255,27773,3653,23192
442,0,1,0,0,1,0,1,0,-16549,14269,33983,30818,32158,30833,3653,23192
443,1,1,1,0,0,0,0,0,-12067,10400,27286,22467,27030,22477,3653,23192
444,0,0,1,0,0,1,0,0,-20375,7378,33936,27753,32444,27758,3653,23192
445,0,0,0,1,1,0,1,0,-16090,11106,36247,27196,32842,27193,3653,23192
446,0,0,0,1,1,0,0,1,-14017,10213,35073,24230,30890,24237,3653,23192
447,1,0,1,0,1,0,0,1,-14070,13164,35354,27234,31022,27220,3653,23192
448,1,0,1,0,0,0,1,0,-17882,9981,29436,27863,28381,27874,3653,23192
449,0,1,1,0,1,0,0,0,-13356,13817,32983,27173,30140,27180,3653,23192
450,0,0,1,0,0,0,1,0,-17014,11854,37500,28868,31057,28875,3653,23192
451,1,1,1,0,1,0,1,0,-17873,8209,28649,26082,31262,26079,3653,23192
452,0,0,1,0,0,0,0,0,-12769,11946,28857,24715,32141,24727,3653,23192
453,1,1,0,1,0,0,0,0,-10327,13793,31018,24120,30020,24131,3653,23192
454,1,0,1,0,0,0,0,0,-11830,9216,26255,21046,28758,21053,3653,23192
455,0,0,0,1,1,0,0,1,-14229,11765,35011,25994,32419,26002,3653,23192
456,0,1,0,0,0,0,0,1,-13649,13076,34271,26725,32862,26728,3653,23192
457,0,1,0,1,0,0,0,1,-14195,8592,26542,22787,26309,22789,3653,23192
458,0,0,0,0,1,0,0,0,-11910,10666,25766,22576,33678,22562,3653,23192
459,0,0,1,0,1,0,0,1,-15474,10624,33259,26098,36083,26092,3653,23192
460,1,1,1,0,1,0,0,0,-10958,14071,31980,25029,31297,25028,3653,23192
461,1,0,1,0,1,0,0,0,-9990,15840,32291,25830,32751,25820,3653,23192
462,0,0,0,1,1,0,1,0,-17218,14551,35806,31769,31817,31761,3653,23192
463,0,1,1,0,1,0,0,1,-14072,15131,29705,29203,31247,29199,3653,23192
464,1,0,1,0,0,0,0,0,-12055,9404,28995,21459,29374,21463,3653,23192
465,0,1,0,0,1,1,0,0,-18712,14451,34636,33163,35053,33173,3653,23192
466,0,0,1,0,1,0,0,1,-15476,10493,29234,25969,33829,25984,3653,23192
467,0,1,1,0,0,1,0,0,-19862,8561,31695,28423,29880,28436,3653,23192
468,0,1,1,0,0,1,0,0,-20373,10793,32533,31166,34136,31160,3653,23192
469,0,0,0,0,1,0,0,0,-10731,15313,29008,26044,26389,26040,3653,23192
470,1,0,0,0,0,0,0,0,-13193,9183,32314,22376,26237,22374,3653,23192
471,0,0,1,0,1,0,0,1,-14517,10500,37422,25017,31421,25030,3653,23192
472,1,0,0,0,0,0,0,0,-13326,10559,34890,23885,33396,23879,3653,23192
473,0,0,0,0,1,0,1,0,-17633,10940,34899,28573,34076,28584,3653,23192
474,0,0,0,0,1,0,1,0,-17294,11042,36239,28336,34812,28330,3653,23192
475,0,0,0,1,1,0,0,1,-14262,16646,32157,30908,35877,30916,3653,23192
476,1,1,1,0,0,0,0,1,-13608,11858,33493,25466,30444,25455,3653,23192
477,0,0,0,1,0,0,1,0,-16968,11351,31308,28319,32414,28314,3653,23192
478,0,1,0,0,1,0,0,1,-14852,12628,32052,27480,32983,27465,3653,23192
479,0,1,0,0,1,0,1,0,-17717,9784,35989,27501,28003,27495,3653,23192
480,0,0,0,0,1,1,0,0,-20533,9279,32520,29812,35765,29821,3653,23192
481,1,1,0,0,0,0,0,1,-15204,8967,31618,24171,26488,24160,3653,23192
482,0,0,0,0,0,0,1,0,-17492,11423,36289,28915,29527,28911,3653,23192
483,0,1,0,0,1,0,1,0,-17789,12443,35070,30232,32127,30232,3653,23192
484,0,1,0,0,0,1,0,0,-19309,8526,28282,27835,30178,27843,3653,23192
485,0,1,0,0,0,1,0,0,-21682,7563,31805,29245,30476,29254,3653,23192
486,0,0,0,0,1,0,0,0,-12906,15930,32629,28836,30942,28823,3653,23192
487,0,0,0,0,1,1,0,0,-19163,8193,34128,27356,35241,27362,3653,23192
488,0,1,0,1,1,0,0,1,-14040,16738,34193,30778,33014,30782,3653,23192
489,0,0,1,0,1,0,1,0,-15781,11249,32996,27030,31283,27040,3653,23192
490,0,0,0,0,1,0,0,1,-15447,10492,32411,25939,33745,25928,3653,23192
491,0,0,0,0,1,1,0,0,-18188,12326,33793,30514,33107,30517,3653,23192
492,0,0,0,0,1,0,0,0,-11596,15777,32001,27373,27848,27383,3653,23192
493,0,0,0,1,1,0,1,0,-17373,12324,33616,29697,31802,29701,3653,23192
494,1,0,0,0,1,1,0,0,-19994,8652,29597,28646,29242,28633,3653,23192
495,0,0,1,0,1,0,1,0,-17495,9084,36759,26579,29304,26567,3653,23192
496,0,0,1,0,1,0,0,0,-10429,16541,29465,26970,29814,26957,3653,23192
497,1,1,0,0,0,0,0,0,-13164,10723,26792,23887,26445,23881,3653,23192
498,0,0,1,0,1,1,0,0,-19768,10650,32093,30418,34620,30426,3653,23192
499,1,0,1,0,1,0,0,0,-12850,13662,29171,26512,35020,26526,3653,23192
500,1,0,0,0,1,1,0,0,-21560,8932,34709,30492,34204,30483,3653,23192
501,0,0,0,1,1,0,0,1,-15379,10377,26570,25756,28018,25743,3653,23192
502,0,0,0,1,0,1,0,0,-18443,7759,36902,26202,37239,26214,3653,23192
503,0,1,0,0,0,1,0,0,-18344,11437,34108,29781,31134,29778,3653,23192
504,0,1,0,0,0,1,0,0,-19904,10482,30487,30386,35038,30401,3653,23192
505,0,0,0,0,1,0,0,0,-13275,10136,32339,23411,30842,23407,3653,23192
506,0,0,0,1,0,0,0,1,-14754,14636,31024,29390,34161,29382,3653,23192
507,0,0,0,0,0,0,1,0,-16374,8855,35489,25229,32714,25244,3653,23192
508,0,0,0,0,1,0,0,1,-14885,13198,31413,28083,32936,28091,3653,23192
509,0,1,1,0,0,0,0,0,-10373,15643,29700,26016,30753,26021,3653,23192
510,1,0,1,0,1,1,0,0,-21690,8153,32999,29843,30918,29829,3653,23192
511,1,1,0,1,0,0,0,1,-15043,14656,32012,29699,32182,29686,3653,23192
512,1,1,1,0,0,0,0,1,-14117,11352,33265,25469,27640,25478,3653,23192
513,1,0,1,0,1,1,0,0,-18608,8652,31716,27260,33300,27259,3653,23192
514,1,0,0,1,0,0,0,0,-13399,11868,34369,25267,29599,25264,3653,23192
515,0,0,0,1,1,0,0,1,-15448,9834,32590,25282,31360,25288,3653,23192
516,1,0,1,0,1,0,1,0,-17705,7482,28325,25187,32713,25189,3653,23192
517,1,0,0,0,0,0,0,0,-13309,9784,31670,23093,29593,23089,3653,23192
518,1,0,0,0,1,0,1,0,-16438,8846,33855,25284,33845,25280,3653,23192
519,1,0,1,0,1,0,0,1,-14072,12022,31811,26094,35907,26102,3653,23192
520,1,1,0,0,0,0,0,1,-13697,13634,32511,27331,33180,27320,3653,23192
521,1,1,0,0,1,1,0,0,-22798,7567,30565,30365,32307,30350,3653,23192
522,0,0,1,0,1,1,0,0,-23905,7110,34665,31015,33496,31018,3653,23192
523,1,0,0,0,0,0,0,1,-15565,8788,29922,24353,34289,24359,3653,23192
524,1,0,0,1,0,0,1,0,-15952,7140,32493,23092,33470,23105,3653,23192
525,0,0,1,0,1,0,0,0,-13284,14383,33343,27667,28246,27669,3653,23192
526,1,0,0,0,0,0,0,1,-13616,8698,34767,22314,30275,22323,3653,23192
527,0,0,1,0,1,0,0,1,-14203,16512,33848,30715,37013,30702,3653,23192
528,0,0,1,0,1,1,0,0,-18050,11777,33857,29827,38493,29817,3653,23192
529,0,0,0,0,1,0,0,0,-13368,14588,31918,27956,33200,27956,3653,23192
530,0,0,1,0,1,1,0,0,-18811,7063,33104,25874,35631,25864,3653,23192
531,0,0,1,0,1,0,0,1,-14771,16446,32512,31217,32513,31207,3653,23192
532,0,1,1,0,0,1,0,0,-17939,10771,31459,28710,35751,28711,3653,23192
533,0,0,1,0,1,0,0,0,-13161,13132,28451,26293,34001,26304,3653,23192
534,0,0,0,0,1,1,0,0,-20353,10958,31755,31311,32879,31301,3653,23192
535,0,0,1,0,1,0,0,0,-13469,16489,33698,29958,34110,29970,3653,23192
536,0,0,0,0,1,1,0,0,-20435,12201,34129,32636,33208,32638,3653,23192
537,0,0,0,0,1,0,1,0,-17763,10216,34142,27979,32503,27972,3653,23192
538,0,0,1,0,1,1,0,0,-18948,10491,33292,29439,29665,29446,3653,23192
539,0,0,0,0,0,0,1,0,-16548,10252,31114,26800,29296,26809,3653,23192
540,0,0,0,0,1,0,0,0,-10649,11395,31482,22044,32580,22034,3653,23192
541,1,0,1,0,1,0,0,0,-10826,12464,24231,23290,31960,23296,3653,23192
542,0,0,0,0,0,1,0,0,-20030,10217,30370,30247,34130,30255,3653,23192
543,0,0,0,0,1,0,0,0,-10870,16638,29168,27508,33904,27521,3653,23192
544,0,1,1,0,1,0,1,0,-17287,8043,33104,25330,30399,25329,3653,23192
545,0,0,1,0,0,1,0,0,-18908,8245,35054,27153,32419,27155,3653,23192
546,0,0,1,0,1,0,0,0,-12530,14514,33613,27044,30649,27033,3653,23192
547,1,1,1,0,0,0,0,0,-12052,9404,32247,21456,24609,21448,3653,23192
548,0,0,0,1,0,0,1,0,-17119,9565,33776,26684,29450,26688,3653,23192
549,1,1,0,0,0,0,0,0,-13103,8019,25253,21122,26911,21136,3653,23192
550,0,0,0,0,1,1,0,0,-19387,11245,35128,30632,32250,30631,3653,23192
551,0,0,1,0,1,0,1,0,-17262,10630,30570,27892,34420,27878,3653,23192
552,0,1,1,0,0,0,0,1,-15133,11674,30318,26807,29524,26816,3653,23192
553,1,1,0,0,1,1,0,0,-24126,7019,36190,31145,31781,31143,3653,23192
554,1,1,1,0,0,0,1,0,-17681,8596,32129,26277,33233,26272,3653,23192
555,1,1,1,0,0,0,1,0,-15789,10152,29120,25941,28890,25941,3653,23192
556,1,1,0,0,1,0,0,0,-10269,11647,31512,21916,30369,21913,3653,23192
557,0,0,1,0,1,1,0,0,-20743,10444,35869,31187,33359,31201,3653,23192
558,0,0,0,1,1,0,1,0,-16957,13496,31917,30453,30752,30457,3653,23192
559,0,1,0,0,0,1,0,0,-19967,9603,30224,29570,30730,29556,3653,23192
560,0,1,1,0,0,0,1,0,-16328,10920,32513,27248,28835,27261,3653,23192
561,0,0,0,0,1,0,1,0,-17600,11898,31145,29498,31054,29495,3653,23192
562,1,0,0,0,0,0,0,1,-14024,8673,32020,22697,34617,22704,3653,23192
563,0,1,0,0,1,1,0,0,-18870,8349,35911,27219,29275,27206,3653,23192
564,0,1,1,0,1,0,0,1,-15413,13663,31039,29076,30458,29090,3653,23192
565,0,0,0,0,1,0,0,0,-11471,15663,31558,27134,33252,27149,3653,23192
566,0,0,0,0,1,0,1,0,-17644,10429,33865,28073,30880,28086,3653,23192
567,1,0,0,0,0,0,0,1,-14077,7817,34141,21894,23730,21903,3653,23192
568,1,0,1,0,1,1,0,0,-18051,7973,30784,26024,31925,26027,3653,23192
569,0,0,0,0,1,0,0,1,-14974,12330,31152,27304,35784,27318,3653,23192
570,0,0,0,0,1,0,1,0,-16315,15460,35886,31775,37145,31776,3653,23192
571,0,0,1,0,0,1,0,0,-22204,10863,34376,33067,35724,33060,3653,23192
572,1,0,0,0,0,0,0,0,-12675,9421,32945,22096,25150,22102,3653,23192
573,0,0,1,0,1,0,0,1,-15483,15778,34061,31261,36267,31249,3653,23192
574,0,0,1,0,0,0,1,0,-16686,10482,29914,27168,32107,27168,3653,23192
575,0,0,1,0,1,1,0,0,-22170,10215,33203,32385,32507,32390,3653,23192
576,0,0,0,0,1,0,0,0,-12347,10958,27742,23305,28903,23300,3653,23192
577,0,0,1,0,0,0,1,0,-15862,10752,30298,26614,27158,26606,3653,23192
578,0,1,0,1,1,0,0,0,-11955,11785,24742,23740,29008,23753,3653,23192
579,0,1,0,1,0,0,1,0,-16222,15257,31964,31479,31596,31487,3653,23192
580,0,0,0,0,1,1,0,0,-18508,9415,28383,27923,28247,27915,3653,23192
581,1,1,0,0,1,0,0,1,-13560,9576,34635,23136,34084,23137,3653,23192
582,0,0,1,0,1,0,0,0,-11123,15813,33192,26936,28653,26940,3653,23192
583,0,0,0,0,0,0,1,0,-16699,9967,28246,26666,32021,26663,3653,23192
584,0,0,1,0,1,0,0,0,-12711,11860,28647,24571,33891,24562,3653,23192
585,0,0,0,1,1,0,0,0,-12804,16496,31506,29300,30026,29298,3653,23192
586,0,0,0,1,1,0,0,1,-15045,15613,32890,30658,34751,30668,3653,23192
587,1,1,0,0,1,0,0,1,-13835,14707,31480,28542,30991,28527,3653,23192
588,0,0,1,0,1,1,0,0,-18654,7300,34219,25954,33864,25953,3653,23192
589,1,0,1,0,0,1,0,0,-18152,8026,33450,26178,28417,26187,3653,23192
590,1,0,0,0,0,0,0,1,-13715,12934,32334,26649,33219,26649,3653,23192
591,0,0,0,1,0,0,1,0,-15893,11448,30490,27341,30763,27327,3653,23192
592,0,0,0,0,0,0,1,0,-16731,10920,34992,27651,33336,27648,3653,23192
593,0,1,0,0,0,0,0,1,-15026,8929,33682,23955,29138,23965,3653,23192
594,1,0,0,0,1,0,1,0,-16378,9147,35782,25525,31102,25514,3653,23192
595,1,0,0,0,1,1,0,0,-18665,13716,33066,32381,32790,32366,3653,23192
596,0,0,1,0,1,0,0,0,-13273,11126,31473,24399,29280,24409,3653,23192
597,0,0,0,1,0,1,0,0,-19042,7382,33039,26424,37185,26428,3653,23192
598,0,0,0,0,1,1,0,0,-19500,8061,36519,27561,34859,27575,3653,23192
599,0,0,1,0,1,1,0,0,-20917,9845,34061,30762,33952,30756,3653,23192
600,0,0,1,0,1,0,1,0,-17680,10864,29073,28544,30667,28532,3653,23192
601,0,1,1,0,1,0,1,0,-17627,10573,34290,28200,32958,28188,3653,23192
602,0,0,1,0,0,0,1,0,-17753,10378,31530,28131,35661,28129,3653,23192
603,0,0,0,0,1,0,1,0,-16936,12579,33022,29515,31355,29524,3653,23192
604,0,1,1,0,0,1,0,0,-22690,9768,33406,32458,32861,32468,3653,23192
605,1,1,1,0,0,0,0,1,-15175,10723,27815,25898,30963,25910,3653,23192
606,1,1,0,0,0,0,0,1,-15574,10559,29132,26133,29317,26135,3653,23192
607,1,0,0,1,1,0,1,0,-17055,10709,34636,27764,35859,27758,3653,23192
608,1,1,1,0,0,1,0,0,-18959,9233,28277,28192,37924,28204,3653,23192
609,1,0,0,0,0,0,0,1,-15271,9748,35514,25019,35308,25032,3653,23192
610,0,0,0,0,1,1,0,0,-20089,9924,33261,30013,33012,30008,3653,23192
611,0,1,0,0,0,0,1,0,-15951,11583,32185,27534,34011,27525,3653,23192
612,1,0,0,1,1,0,1,0,-17055,10384,34636,27439,34958,27424,3653,23192
613,0,0,0,0,1,1,0,0,-21166,10437,34174,31603,33063,31603,3653,23192
614,1,0,1,0,1,0,0,0,-11305,12887,33363,24192,28767,24200,3653,23192
615,0,0,0,0,0,0,0,0,-13232,9672,36095,22904,30282,22890,3653,23192
616,0,0,0,0,0,0,1,0,-16450,10527,31731,26977,35446,26980,3653,23192
617,1,1,0,0,1,0,1,0,-17471,12502,34268,29973,32114,29966,3653,23192
618,1,0,0,1,1,1,0,0,-18043,7866,31036,25909,29907,25912,3653,23192
619,0,0,1,0,0,1,0,0,-20248,7563,29828,27811,29599,27799,3653,23192
620,0,1,0,0,0,1,0,0,-19473,10227,34153,29700,34622,29696,3653,23192
621,0,0,0,0,1,1,0,0,-20549,7847,36328,28396,35539,28397,3653,23192
622,1,0,1,0,1,0,1,0,-16684,8939,27149,25623,35983,25627,3653,23192
623,1,0,1,0,0,0,0,1,-14158,10227,28177,24385,31976,24397,3653,23192
624,1,0,1,0,1,1,0,0,-18403,7089,29435,25492,28910,25503,3653,23192
625,0,0,1,0,1,1,0,0,-20174,11219,33030,31393,32499,31408,3653,23192
626,0,0,1,0,1,0,0,0,-13349,10435,29102,23784,31512,23769,3653,23192
627,1,1,1,0,0,0,0,1,-14705,10755,28303,25460,26300,25467,3653,23192
628,1,1,0,0,0,0,0,1,-13945,8930,23431,22875,24793,22860,3653,23192
629,1,0,0,1,1,0,1,0,-17613,8840,36656,26453,30737,26466,3653,23192
630,0,0,1,0,1,0,0,0,-10493,15753,33382,26246,32404,26259,3653,23192
631,1,0,0,1,1,0,0,1,-14979,8021,31191,23000,29921,23005,3653,23192
632,0,0,1,0,1,1,0,0,-18750,9714,30629,28464,33544,28459,3653,23192
633,0,1,1,0,1,0,0,1,-15017,11980,27767,26997,32331,26986,3653,23192
634,0,0,0,0,1,0,0,0,-12394,16461,29344,28855,32790,28859,3653,23192
635,1,1,0,1,1,0,0,1,-13996,8000,29662,21996,27283,21987,3653,23192
636,0,1,0,0,0,1,0,0,-18542,10763,30513,29305,34870,29303,3653,23192
637,0,0,0,0,1,1,0,0,-21124,9337,32446,30461,37250,30446,3653,23192
638,0,0,0,1,1,0,0,0,-11847,16786,34069,28633,30670,28618,3653,23192
639,0,0,0,0,1,1,0,0,-18567,10261,32836,28828,32285,28817,3653,23192
640,0,1,0,0,1,0,0,1,-13888,15264,34485,29152,30251,29154,3653,23192
641,1,0,0,0,1,1,0,0,-19570,7438,32571,27008,35746,27001,3653,23192
642,0,0,0,0,1,0,1,0,-16803,9987,29717,26790,34010,26791,3653,23192
643,0,0,1,0,1,1,0,0,-20594,7068,35007,27662,34825,27672,3653,23192
644,0,0,0,0,1,0,0,1,-13602,16342,31103,29944,34749,29950,3653,23192
645,1,0,1,0,0,0,1,0,-17644,9573,35672,27217,30929,27209,3653,23192
646,0,0,1,0,1,1,0,0,-19134,7455,32352,26589,33549,26601,3653,23192
647,0,0,0,0,1,0,0,0,-12674,16708,31579,29382,34862,29376,3653,23192
648,0,0,1,0,1,0,1,0,-17338,13341,32139,30679,33649,30682,3653,23192
649,0,1,1,0,1,0,1,0,-17118,10685,34773,27803,34261,27798,3653,23192
650,1,0,0,0,1,1,0,0,-20786,7857,33380,28643,29534,28649,3653,23192
651,0,1,0,1,1,0,0,1,-13937,16260,31789,30197,30808,30201,3653,23192
652,1,1,0,0,1,0,1,0,-17117,9119,32347,26236,33112,26243,3653,23192
653,0,1,0,1,0,0,0,0,-11808,15104,34648,26912,27341,26922,3653,23192
654,1,0,0,1,0,0,0,0,-12131,10420,33354,22551,23394,22539,3653,23192
655,1,1,1,0,0,0,0,0,-11459,10534,33648,21993,23968,21982,3653,23192
656,0,0,0,1,1,0,0,1,-13878,14970,33754,28848,32559,28863,3653,23192
657,0,1,0,0,0,0,1,0,-16771,7424,28279,24195,31294,24204,3653,23192
658,0,1,0,0,1,0,0,0,-13447,14062,32348,27509,33055,27498,3653,23192
659,0,1,0,0,1,0,0,0,-12784,10010,31365,22794,32944,22796,3653,23192
660,0,1,1,0,0,1,0,0,-21314,10485,31888,31799,32110,31802,3653,23192
661,1,0,1,0,1,1,0,0,-19139,11487,32945,30626,34216,30636,3653,23192
662,1,1,0,0,0,0,0,1,-14631,12670,33058,27301,28076,27299,3653,23192
663,0,0,1,0,0,0,1,0,-16612,10763,38293,27375,32641,27382,3653,23192
664,0,1,1,0,0,1,0,0,-21983,8487,30733,30470,31471,30479,3653,23192
665,1,1,0,0,0,0,0,0,-12367,16239,30617,28606,33661,28620,3653,23192
666,0,0,1,0,1,0,0,1,-15112,10351,34067,25463,27040,25478,3653,23192
667,0,0,0,0,1,1,0,0,-18014,9649,35707,27663,32179,27662,3653,23192
668,0,0,1,0,1,0,0,0,-11199,15624,27616,26823,30738,26835,3653,23192
669,0,0,1,0,1,0,0,1,-14724,11368,32604,26092,30120,26087,3653,23192
670,0,0,1,0,0,0,1,0,-17543,8592,33856,26135,30654,26124,3653,23192
671,0,1,1,0,0,1,0,0,-20552,10668,34061,31220,32806,31223,3653,23192
672,0,0,1,0,0,0,0,1,-14490,10554,34293,25044,31690,25044,3653,23192
673,0,0,1,0,0,0,1,0,-16324,16338,32874,32662,33031,32662,3653,23192
674,1,1,0,0,0,1,0,0,-20924,10325,37386,31249,31573,31239,3653,23192
675,0,0,0,0,0,0,0,1,-14404,9644,29964,24048,28882,24054,3653,23192
676,1,0,0,0,0,1,0,0,-23977,7182,34979,31159,31808,31159,3653,23192
677,0,1,1,0,1,0,1,0,-16361,12914,31980,29275,35674,29280,3653,23192
678,0,0,0,0,1,0,0,1,-14101,16344,34988,30445,32145,30434,3653,23192
679,0,1,0,0,0,0,1,0,-15877,9672,25930,25549,30721,25559,3653,23192
680,0,0,0,1,0,0,0,1,-14928,12432,31082,27360,30085,27362,3653,23192
681,0,0,0,1,1,0,0,1,-13925,12040,32024,25965,36259,25970,3653,23192
682,0,0,0,0,1,0,0,1,-14581,11891,32183,26472,29537,26469,3653,23192
683,0,1,1,0,0,1,0,0,-18623,9393,36091,28016,31990,28006,3653,23192
684,0,0,1,0,0,1,0,0,-21486,10863,34672,32349,35043,32350,3653,23192
685,0,0,0,0,1,0,0,1,-13940,12570,33719,26510,33846,26498,3653,23192
686,1,1,0,1,0,1,0,0,-23129,8369,34199,31498,34440,31493,3653,23192
687,1,1,0,1,0,0,0,0,-10499,13321,28083,23820,29266,23833,3653,23192
688,0,0,1,0,0,0,0,1,-14037,11083,29676,25120,32950,25116,3653,23192
689,0,0,0,1,1,0,1,0,-17095,9967,31731,27062,31604,27070,3653,23192
690,0,0,0,0,1,0,0,1,-15605,13542,31997,29147,30913,29153,3653,23192
691,1,1,0,0,0,0,0,1,-15373,8673,26080,24046,30710,24040,3653,23192
692,0,1,0,0,1,0,0,0,-11602,16268,29419,27870,33164,27860,3653,23192
693,0,1,0,0,0,0,1,0,-16518,10353,29267,26871,27195,26879,3653,23192
694,0,1,0,1,0,0,1,0,-15803,9644,29442,25447,31667,25458,3653,23192
695,0,0,1,0,0,1,0,0,-19241,7334,30026,26575,35673,26572,3653,23192
696,0,0,1,0,1,0,0,0,-12492,14507,35478,26999,28438,26989,3653,23192
697,0,1,0,1,1,0,0,0,-12245,15377,33058,27622,28573,27618,3653,23192
698,0,0,0,0,1,0,1,0,-16495,10387,32905,26882,27627,26876,3653,23192
699,0,1,0,1,0,0,1,0,-16808,12432,30224,29240,33569,29237,3653,23192
700,1,1,0,0,0,1,0,0,-19871,8473,31771,28344,32445,28336,3653,23192
701,0,0,0,0,1,1,0,0,-20273,10492,36568,30765,34432,30756,3653,23192
702,0,0,1,0,1,0,1,0,-15781,11514,28282,27295,34725,27301,3653,23192
703,0,0,0,0,1,1,0,0,-19343,10113,30846,29456,30629,29443,3653,23192
704,1,1,1,0,0,0,0,0,-13440,12886,33358,26326,32877,26312,3653,23192
705,0,1,0,0,1,0,0,1,-13674,10862,29219,24536,30685,24533,3653,23192
706,0,0,0,0,0,0,0,1,-15126,15510,31659,30636,32542,30624,3653,23192
707,0,0,0,0,1,0,0,0,-10604,15873,31086,26477,30711,26462,3653,23192
708,0,0,1,0,1,0,1,0,-15889,14062,37123,29951,32162,29944,3653,23192
709,1,0,1,0,1,0,0,1,-15422,8974,31171,24396,33798,24394,3653,23192
710,0,0,0,0,1,0,1,0,-17564,10429,34803,27993,35568,27978,3653,23192
711,0,0,1,0,1,0,0,1,-14587,9554,33550,24141,30911,24147,3653,23192
712,1,1,0,0,1,0,0,0,-11143,13149,27724,24292,25368,24298,3653,23192
713,0,0,1,0,1,0,1,0,-17286,10408,32174,27694,30676,27681,3653,23192
714,0,0,1,0,1,0,1,0,-17031,10330,38334,27361,33388,27364,3653,23192
715,1,1,0,0,0,0,0,1,-14590,15148,32018,29738,30072,29747,3653,23192
716,0,0,1,0,0,0,0,1,-15331,14713,35019,30044,32315,30032,3653,23192
717,0,0,1,0,1,1,0,0,-18570,10510,34311,29080,32752,29093,3653,23192
718,0,0,1,0,1,1,0,0,-22357,7211,34835,29568,32817,29567,3653,23192
719,0,0,1,0,1,1,0,0,-19704,7273,33127,26977,29818,26972,3653,23192
720,0,0,0,0,1,0,0,0,-11738,12799,32424,24537,34383,24524,3653,23192
721,1,1,0,0,0,0,0,1,-14079,11256,36057,25335,28125,25345,3653,23192
722,0,0,1,0,0,1,0,0,-18156,7424,30083,25580,31661,25587,3653,23192
723,1,0,1,0,1,0,1,0,-17448,8831,32803,26279,31670,26264,3653,23192
724,1,0,1,0,0,0,0,0,-11908,10850,29965,22758,27458,22759,3653,23192
725,0,0,0,0,1,0,0,0,-12689,14452,31757,27141,34305,27151,3653,23192
726,1,0,0,0,0,0,0,0,-13170,8019,29223,21189,29194,21197,3653,23192
727,1,0,1,0,1,0,0,0,-12718,12458,31575,25176,31821,25181,3653,23192
728,0,0,1,0,1,0,0,0,-12718,13139,31575,25857,34337,25872,3653,23192
729,0,0,1,0,1,0,0,0,-11722,16547,34759,28269,32874,28269,3653,23192
730,1,0,0,0,0,0,0,1,-15067,8930,33931,23997,28932,23989,3653,23192
731,0,0,0,0,1,1,0,0,-19653,10876,36032,30529,31094,30522,3653,23192
732,0,1,0,0,0,0,0,1,-14117,16587,33162,30704,31606,30694,3653,23192
733,0,0,0,1,1,0,0,1,-13735,10559,31348,24294,30306,24292,3653,23192
734,0,0,0,0,0,1,0,0,-18378,9400,32209,27778,29626,27788,3653,23192
735,0,0,0,0,0,1,0,0,-20297,9400,34061,29697,32569,29706,3653,23192
736,0,0,0,1,0,0,0,1,-15653,10850,35983,26503,29180,26503,3653,23192
737,0,0,0,0,0,0,0,0,-12333,13131,35189,25464,35314,25452,3653,23192
738,0,0,0,0,0,0,0,0,-11636,13670,33552,25306,33811,25305,3653,23192
739,1,1,0,0,1,0,0,0,-13259,11884,26313,25143,27911,25129,3653,23192
740,0,0,1,0,1,0,0,1,-13734,16069,34499,29803,32468,29790,3653,23192
741,1,1,0,0,0,0,0,0,-12421,13138,28159,25559,31467,25562,3653,23192
742,1,0,1,0,1,0,0,1,-14106,8277,31319,22383,36619,22382,3653,23192
743,0,0,0,0,1,1,0,0,-18537,9629,35660,28166,31215,28168,3653,23192
744,0,1,0,0,0,0,1,0,-17825,10639,28486,28464,29580,28450,3653,23192
745,0,0,0,0,1,1,0,0,-19498,9380,32627,28878,32566,28882,3653,23192
746,1,0,0,0,1,0,0,1,-15403,9762,32780,25165,27301,25165,3653,23192
747,0,0,1,0,1,0,0,0,-12688,12971,35224,25659,30353,25651,3653,23192
748,0,1,1,0,0,0,0,1,-13633,15540,33556,29173,32765,29185,3653,23192
749,1,1,0,0,1,1,0,0,-22523,7797,32517,30320,33322,30307,3653,23192
750,1,0,0,0,0,0,0,1,-13897,10954,33102,24851,29351,24861,3653,23192
751,0,1,0,1,1,0,0,0,-10163,15890,31958,26053,32818,26042,3653,23192
752,1,1,1,0,0,1,0,0,-17998,9287,33966,27285,27582,27279,3653,23192
753,0,0,0,1,1,0,0,1,-14652,16644,33166,31296,34678,31285,3653,23192
754,1,0,0,0,0,1,0,0,-22070,7833,32772,29903,30041,29910,3653,23192
755,1,0,1,0,1,1,0,0,-21763,8090,30137,29853,31561,29839,3653,23192
756,1,0,1,0,0,0,0,1,-14727,10152,35385,24879,26575,24877,3653,23192
757,1,1,0,0,1,1,0,0,-19073,11050,33393,30123,33715,30137,3653,23192
758,0,0,1,0,0,0,1,0,-16885,9264,32139,26149,33886,26138,3653,23192
759,0,0,0,0,1,1,0,0,-21546,10191,32178,31737,31863,31751,3653,23192
760,0,0,0,0,1,0,0,0,-9924,13695,32185,23619,32782,23621,3653,23192
761,0,1,0,0,1,0,1,0,-16488,11615,37299,28103,29084,28093,3653,23192
762,0,1,0,0,1,0,0,1,-13840,15603,33623,29443,30758,29452,3653,23192
763,1,0,0,0,0,0,1,0,-17813,10394,33102,28207,30036,28208,3653,23192
764,0,0,0,0,1,0,1,0,-16397,13355,32284,29752,33776,29746,3653,23192
765,0,1,0,1,0,0,1,0,-16353,11083,31671,27436,28927,27432,3653,23192
766,0,0,0,0,1,0,1,0,-17808,9511,34807,27319,32048,27326,3653,23192
767,0,0,1,0,1,1,0,0,-20134,11939,36316,32073,35283,32076,3653,23192
768,0,0,0,0,1,0,0,0,-13175,15559,29473,28734,34980,28727,3653,23192
769,1,0,1,0,1,0,1,0,-17170,12110,36447,29280,32185,29295,3653,23192
770,0,0,0,1,1,1,0,0,-19084,9840,32019,28924,32296,28913,3653,23192
771,0,0,0,0,1,1,0,0,-18914,9897,33764,28811,29555,28816,3653,23192
772,0,0,0,0,1,0,1,0,-16186,10357,31997,26543,35531,26537,3653,23192
773,1,1,0,0,1,0,0,1,-15588,10651,30375,26239,26257,26235,3653,23192
774,0,0,0,0,0,1,0,0,-19613,10793,32036,30406,33867,30406,3653,23192
775,1,0,0,0,1,0,1,0,-17342,12589,32845,29931,33368,29946,3653,23192
776,0,1,0,0,1,0,0,0,-13354,15515,30510,28869,30712,28884,3653,23192
777,1,0,0,0,0,0,0,0,-11359,10400,34168,21759,31403,21769,3653,23192
778,0,0,1,0,1,0,1,0,-17064,12054,37182,29118,35097,29132,3653,23192
779,0,0,0,1,1,1,0,0,-18429,9393,34357,27822,35196,27812,3653,23192
780,1,0,1,0,0,0,0,1,-13664,14656,36116,28320,30240,28328,3653,23192
781,1,0,1,0,1,0,0,0,-9543,13005,27849,22548,22988,22541,3653,23192
782,0,0,0,0,1,0,0,1,-14731,9769,35425,24500,35798,24486,3653,23192
783,0,1,1,0,1,1,0,0,-20183,11042,36539,31225,33653,31230,3653,23192
784,0,0,0,1,0,0,1,0,-17035,13082,32732,30117,32697,30127,3653,23192
785,0,1,0,0,1,0,0,1,-14216,14677,30858,28893,30182,28879,3653,23192
786,0,0,1,0,1,0,1,0,-16825,10958,33198,27783,32065,27789,3653,23192
787,0,0,1,0,1,0,1,0,-16789,13545,33158,30334,31416,30340,3653,23192
788,0,1,1,0,0,1,0,0,-18840,10252,32252,29092,30833,29106,3653,23192
789,0,1,1,0,1,1,0,0,-20110,9035,33318,29145,29896,29136,3653,23192
790,1,1,0,0,0,1,0,0,-18981,9763,33299,28744,32524,28730,3653,23192
791,1,0,0,0,0,0,0,0,-11226,11256,32907,22482,31034,22476,3653,23192
792,0,0,1,0,1,1,0,0,-19621,12173,33378,31794,34191,31784,3653,23192
793,0,0,1,0,1,0,0,0,-11833,14502,31677,26335,31577,26340,3653,23192
794,0,0,0,0,1,1,0,0,-22940,7150,30315,30090,30455,30076,3653,23192
795,1,0,0,0,1,1,0,0,-22771,8775,38706,31546,32568,31538,3653,23192
796,0,0,1,0,1,1,0,0,-18998,12523,33079,31521,32354,31511,3653,23192
797,0,0,1,0,1,1,0,0,-18999,10813,34668,29812,34218,29803,3653,23192
798,0,0,0,0,1,0,0,1,-14695,12243,32976,26938,33085,26944,3653,23192
799,0,0,0,0,1,0,0,0,-12760,12926,33301,25686,32887,25698,3653,23192
800,1,0,1,0,0,0,0,1,-13748,11858,30653,25606,36397,25621,3653,23192
801,1,1,0,0,0,1,0,0,-20734,9981,34187,30715,32732,30707,3653,23192
802,0,0,1,0,0,0,0,1,-14916,11358,34438,26274,28336,26277,3653,23192
803,1,0,0,0,1,0,0,0,-12774,8632,24693,21406,33620,21408,3653,23192
804,0,0,1,0,1,0,0,1,-14316,16812,35228,31128,36642,31113,3653,23192
805,0,1,0,0,0,0,0,1,-13650,15999,31230,29649,31141,29655,3653,23192
806,0,0,1,0,1,1,0,0,-21281,11284,32937,32565,38248,32574,3653,23192
807,0,0,0,1,0,0,1,0,-16403,11595,29758,27998,33244,27992,3653,23192
808,0,0,0,0,1,1,0,0,-18021,11140,34685,29161,33927,29163,3653,23192
809,0,1,0,0,1,0,0,0,-10758,16112,29583,26870,31624,26863,3653,23192
810,0,0,1,0,0,0,1,0,-16312,10596,30185,26908,33819,26922,3653,23192
811,0,0,1,0,1,0,0,0,-11246,16331,33909,27577,27819,27576,3653,23192
812,0,0,1,0,1,0,0,0,-10368,15039,28153,25407,29638,25402,3653,23192
813,0,0,1,0,1,0,1,0,-16778,9847,30825,26625,28544,26625,3653,23192
814,0,1,1,0,0,0,1,0,-17437,11578,30024,29015,29817,29005,3653,23192
815,1,0,0,0,0,1,0,0,-20505,7140,28698,27645,29592,27653,3653,23192
816,0,1,0,0,1,1,0,0,-20609,9476,32780,30085,30674,30083,3653,23192
817,0,1,0,1,1,1,0,0,-19613,12101,35118,31714,32542,31704,3653,23192
818,0,1,1,0,1,0,0,0,-11613,15883,30168,27496,33551,27496,3653,23192
819,0,1,0,1,0,0,1,0,-16349,11729,32612,28078,34725,28093,3653,23192
820,0,1,0,0,1,1,0,0,-22037,6961,33888,28998,30563,28993,3653,23192
821,0,0,1,0,1,1,0,0,-20283,7192,30855,27475,29610,27463,3653,23192
822,1,0,1,0,1,0,1,0,-16851,7377,33356,24228,35750,24239,3653,23192
823,0,0,0,0,1,1,0,0,-18772,14188,37762,32960,34805,32954,3653,23192
824,0,1,0,0,1,0,0,0,-12699,15273,32419,27972,32168,27964,3653,23192
825,0,0,0,0,1,1,0,0,-18108,10337,35908,28445,32428,28456,3653,23192
826,0,1,1,0,1,0,0,0,-12372,11091,34415,23463,30753,23466,3653,23192
827,0,0,1,0,1,0,0,0,-13421,16482,30612,29903,33401,29901,3653,23192
828,0,0,0,1,1,0,0,1,-13950,14916,36247,28866,29955,28871,3653,23192
829,1,1,0,1,1,0,1,0,-17534,8384,33499,25918,30088,25925,3653,23192
830,0,0,0,0,1,0,0,0,-13340,14977,32762,28317,30330,28302,3653,23192
831,1,0,0,0,1,0,1,0,-17137,15433,33064,32570,33085,32564,3653,23192
832,1,0,0,1,0,1,0,0,-20162,10420,33261,30582,32311,30596,3653,23192
833,0,0,0,0,1,1,0,0,-18565,12037,38220,30602,35483,30590,3653,23192
834,0,0,1,0,0,0,1,0,-17736,11783,36816,29519,35031,29519,3653,23192
835,0,0,0,0,0,1,0,0,-19360,11783,35062,31143,34972,31152,3653,23192
836,0,0,1,0,1,1,0,0,-18259,9528,30625,27787,27930,27773,3653,23192
837,1,0,0,0,0,0,0,1,-14038,11690,33544,25728,28659,25743,3653,23192
838,0,0,1,0,1,1,0,0,-18730,10714,32254,29444,35223,29434,3653,23192
839,1,0,1,0,1,0,0,0,-12330,8162,34940,20492,31012,20481,3653,23192
840,0,0,0,0,1,1,0,0,-19867,9246,31037,29113,30101,29119,3653,23192
841,1,1,1,0,0,0,0,1,-15032,13328,33699,28360,34535,28373,3653,23192
842,0,0,1,0,0,0,0,0,-12486,9953,26386,22439,33898,22433,3653,23192
843,0,0,0,0,1,0,1,0,-16421,10181,31141,26602,31768,26616,3653,23192
844,0,0,0,1,1,0,0,1,-14831,14304,34006,29135,32462,29150,3653,23192
845,0,1,0,1,0,0,0,0,-13150,12674,35573,25824,27401,25809,3653,23192
846,0,0,1,0,1,0,0,1,-14764,12243,27501,27007,37366,27015,3653,23192
847,0,0,1,0,1,0,0,0,-11694,15659,33636,27353,30760,27353,3653,23192
848,0,0,1,0,1,0,0,0,-12546,15106,30331,27652,33399,27663,3653,23192
849,0,0,1,0,1,1,0,0,-18690,10227,32764,28917,30724,28931,3653,23192
850,0,0,0,1,1,1,0,0,-18729,8382,33475,27111,30953,27107,3653,23192
851,1,0,0,0,1,0,1,0,-17462,10108,33299,27570,29560,27556,3653,23192
852,1,1,1,0,0,0,0,1,-14361,7817,29684,22178,30465,22184,3653,23192
853,0,1,0,1,1,0,0,0,-13421,16706,30271,30127,31794,30138,3653,23192
854,0,0,1,0,1,0,1,0,-16552,10499,30769,27051,32468,27041,3653,23192
855,0,0,0,0,0,1,0,0,-22450,8487,35982,30937,32949,30947,3653,23192
856,0,0,0,1,1,0,0,1,-13834,16709,32059,30543,31903,30528,3653,23192
857,0,0,1,0,1,0,0,0,-11351,14893,33589,26244,29633,26229,3653,23192
858,1,0,0,0,0,1,0,0,-20773,10003,34396,30776,35753,30790,3653,23192
859,1,1,0,0,1,1,0,0,-19075,10031,31470,29106,30370,29105,3653,23192
860,1,0,0,0,1,0,1,0,-17647,11031,33882,28678,38454,28687,3653,23192
861,0,0,0,0,1,0,0,1,-15667,14574,32172,30241,30820,30244,3653,23192
862,0,0,0,1,1,0,1,0,-17240,9041,33787,26281,33070,26290,3653,23192
863,0,0,1,0,1,0,0,0,-11241,15275,31419,26516,32951,26522,3653,23192
864,0,0,0,0,1,0,0,1,-14572,16105,36662,30677,35310,30672,3653,23192
865,1,0,1,0,0,0,0,1,-14091,10755,31630,24846,32281,24857,3653,23192
866,0,0,0,1,1,1,0,0,-23548,10409,36621,33957,34632,33952,3653,23192
867,0,0,0,1,1,0,1,0,-17145,7473,33654,24618,32196,24623,3653,23192
868,1,1,1,0,0,0,1,0,-17716,9784,27515,27500,30760,27505,3653,23192
869,1,0,0,1,0,0,0,1,-13746,10591,34924,24337,28087,24333,3653,23192
870,1,1,0,1,0,0,0,0,-13458,11515,31737,24973,26621,24970,3653,23192
871,0,1,0,1,0,0,0,1,-14677,14636,29492,29313,31265,29320,3653,23192
872,0,0,0,0,0,0,0,0,-8404,15778,31236,24182,25698,24170,3653,23192
873,0,1,0,1,0,0,1,0,-17875,14370,34145,32245,33710,32252,3653,23192
874,0,1,0,0,1,0,1,0,-16521,11354,34723,27875,33045,27872,3653,23192
875,0,0,0,0,1,1,0,0,-18210,10766,35541,28976,35397,28974,3653,23192
876,0,0,1,0,0,0,0,1,-14796,15389,34448,30185,34884,30175,3653,23192
877,1,0,0,0,1,1,0,0,-19757,9069,32063,28826,35282,28818,3653,23192
878,0,0,0,1,1,0,0,1,-14022,14875,31129,28897,34496,28901,3653,23192
879,0,0,1,0,1,0,0,1,-15512,15693,31369,31205,32968,31199,3653,23192
880,0,0,0,0,0,0,1,0,-16374,8526,26253,24900,28403,24912,3653,23192
881,0,0,1,0,1,0,0,0,-13486,13724,34012,27210,31565,27214,3653,23192
882,0,0,0,0,0,0,0,1,-15421,10639,32733,26060,35696,26045,3653,23192
883,1,0,1,0,1,0,0,0,-11981,13509,34313,25490,31045,25502,3653,23192
884,0,0,0,1,1,0,0,1,-15045,10958,31429,26003,30831,26011,3653,23192
885,0,0,0,0,1,0,1,0,-16082,15187,37951,31269,34507,31266,3653,23192
886,0,1,0,0,0,0,0,1,-15233,7839,31707,23072,34625,23087,3653,23192
887,0,0,0,1,0,1,0,0,-18028,10227,34634,28255,35979,28264,3653,23192
888,0,0,0,0,1,0,1,0,-16664,11402,32665,28066,33641,28066,3653,23192
889,0,0,1,0,1,1,0,0,-20683,11414,33883,32097,33614,32101,3653,23192
890,0,0,0,0,1,0,1,0,-16661,11169,37264,27830,39219,27827,3653,23192
891,0,0,0,0,1,1,0,0,-22623,10917,35625,33540,34844,33553,3653,23192
892,0,0,0,0,0,0,0,1,-14045,11583,29198,25628,36321,25638,3653,23192
893,0,0,0,1,1,1,0,0,-18979,7088,30519,26067,34321,26061,3653,23192
894,0,1,1,0,1,0,1,0,-16841,12142,32253,28983,35074,28995,3653,23192
895,0,1,0,0,0,0,0,1,-15525,10945,31593,26470,29381,26461,3653,23192
896,0,0,0,0,1,1,0,0,-18224,11158,30594,29382,37819,29386,3653,23192
897,0,0,0,0,1,0,1,0,-16480,12523,34305,29003,29983,28990,3653,23192
898,0,0,0,1,0,0,0,0,-10712,15104,33270,25816,29678,25809,3653,23192
899,1,0,0,0,0,0,0,0,-12949,13634,31239,26583,26783,26587,3653,23192
900,1,1,0,0,1,1,0,0,-20291,10923,31557,31214,32096,31223,3653,23192
901,0,0,1,0,1,0,0,0,-12266,15497,31644,27763,34131,27775,3653,23192
902,1,0,0,0,0,0,0,1,-15413,9019,30595,24432,32218,24434,3653,23192
903,0,1,0,0,0,0,0,1,-14403,9264,27335,23667,36200,23676,3653,23192
904,1,0,0,0,0,1,0,0,-19643,8883,29372,28526,30373,28529,3653,23192
905,1,1,1,0,0,1,0,0,-21397,7833,29644,29230,34120,29219,3653,23192
906,1,1,0,1,1,0,0,1,-14625,11750,32046,26375,27854,26376,3653,23192
907,0,1,0,1,0,1,0,0,-18952,10378,31343,29330,33961,29339,3653,23192
908,0,0,0,1,1,0,0,1,-15632,12415,29856,28047,29612,28059,3653,23192
909,0,0,0,1,1,0,1,0,-17113,9285,36831,26398,27936,26403,3653,23192
910,0,1,0,0,0,1,0,0,-20759,10217,32330,30976,33685,30976,3653,23192
911,0,0,1,0,1,0,0,1,-14399,11017,34944,25416,35526,25424,3653,23192
912,0,0,0,0,0,0,0,0,-12269,15540,34924,27809,29139,27804,3653,23192
913,1,0,0,0,0,0,1,0,-17444,7444,32983,24888,32787,24888,3653,23192
914,0,0,0,0,1,0,1,0,-15950,11023,28511,26973,34978,26977,3653,23192
915,1,0,1,0,1,0,0,1,-15694,12786,31461,28480,34389,28494,3653,23192
916,0,0,0,1,1,0,1,0,-16512,11073,33687,27585,32606,27587,3653,23192
917,1,1,0,1,0,0,0,0,-12778,9216,32670,21994,28915,21987,3653,23192
918,0,0,0,0,1,0,0,0,-12143,15172,34148,27315,33190,27320,3653,23192
919,0,0,1,0,0,1,0,0,-17990,10856,31149,28846,29210,28837,3653,23192
920,0,1,1,0,1,0,0,0,-10591,16329,27856,26920,31187,26913,3653,23192
921,0,0,1,0,0,0,1,0,-16734,7839,31846,24573,26616,24573,3653,23192
922,1,0,0,1,0,0,1,0,-16794,9701,29312,26495,28935,26502,3653,23192
923,0,0,1,0,1,0,0,1,-15424,13908,30825,29332,34416,29327,3653,23192
924,0,0,1,0,1,0,0,1,-14899,10696,32780,25595,31383,25586,3653,23192
925,0,0,0,0,1,0,1,0,-16627,13669,34128,30296,32702,30291,3653,23192
926,0,0,0,1,1,0,0,1,-14494,16329,32382,30823,33516,30812,3653,23192
927,0,0,1,0,1,0,1,0,-16848,10015,30219,26863,29592,26848,3653,23192
928,0,0,0,0,1,1,0,0,-20203,7189,30617,27392,32778,27407,3653,23192
929,0,1,1,0,0,0,1,0,-16764,10752,32481,27516,29780,27531,3653,23192
930,1,0,1,0,0,0,1,0,-17459,11685,30895,29144,34706,29144,3653,23192
931,0,0,1,0,1,0,0,0,-11473,15746,29440,27219,33397,27223,3653,23192
932,0,0,0,1,1,0,1,0,-17637,11210,31144,28847,29206,28832,3653,23192
933,0,0,0,0,1,0,0,1,-13517,11032,30731,24549,28404,24543,3653,23192
934,0,0,1,0,1,0,1,0,-17404,6983,26997,24387,30199,24398,3653,23192
935,0,1,1,0,1,0,0,1,-13664,12151,33557,25815,29073,25824,3653,23192
936,1,0,0,1,0,0,0,1,-13908,13515,32542,27423,33507,27414,3653,23192
937,1,0,0,0,1,0,1,0,-16621,10351,37361,26972,31111,26967,3653,23192
938,1,1,0,0,1,0,0,1,-14503,11973,32726,26476,32288,26485,3653,23192
939,0,0,0,0,1,0,1,0,-17337,11710,32009,29047,32449,29056,3653,23192
940,0,0,1,0,0,0,1,0,-16791,10875,31808,27666,32262,27657,3653,23192
941,1,1,0,0,0,1,0,0,-18096,9019,29405,27115,30048,27106,3653,23192
942,0,0,0,1,1,0,0,1,-14959,12891,37294,27850,34210,27855,3653,23192
943,0,0,1,0,1,0,0,0,-10548,16285,27822,26833,28847,26830,3653,23192
944,0,0,1,0,1,0,0,0,-11212,16390,27720,27602,34193,27606,3653,23192
945,1,0,0,0,1,1,0,0,-20410,9275,35776,29685,32390,29692,3653,23192
946,0,1,0,1,1,0,1,0,-17092,10770,29937,27862,32680,27860,3653,23192
947,0,0,0,1,1,1,0,0,-20280,9127,34920,29407,35707,29398,3653,23192
948,1,1,1,0,0,0,1,0,-16774,12624,31068,29398,31662,29386,3653,23192
949,1,0,0,0,0,0,0,0,-11562,16811,33989,28373,28547,28376,3653,23192
950,0,0,1,0,1,0,0,1,-14117,14245,33450,28362,36804,28367,3653,23192
951,0,0,1,0,1,0,0,1,-14496,14516,36384,29012,32507,29011,3653,23192
952,0,0,1,0,1,0,0,0,-10863,14777,32435,25640,30652,25641,3653,23192
953,0,0,0,0,1,0,1,0,-17887,9115,31886,27002,28086,27008,3653,23192
